Sentences,Keywords,Intent,ner_ngram,NER,Ner_ngram_length,Values
What are the best places to visit in Paris for a duration of two weeks?,"[['are', 'best', 'duration', 'for', 'in', 'of', 'paris', 'places', 'the', 'to']]",attraction_search,"{'location': [6, 8], 'duration': [4, 5]}","['location', 'duration']","[2, 2]","['Paris', 'two weeks']"
Looking for things to do in Tokyo during a 10 days trip and staying in a luxury hotel.,"[['in', '10', 'and', 'days', 'do', 'during', 'for', 'hotel', 'looking', 'luxury']]",activity_search,"{'location': [5, 7], 'duration': [1, 2], 'hotel_type': [8, 9]}","['location', 'duration', 'hotel_type']","[2, 2, 2]","['Tokyo', '10 days', 'luxury']"
Is there a day tour I can take in Sydney that includes a museum visit and lasts for seven hours?,"[['and', 'can', 'day', 'for', 'hours', 'in', 'includes', 'is', 'lasts', 'museum']]",activity_search,"{'location': [3, 5], 'duration': [8, 9], 'attraction_type': [6, 7]}","['location', 'duration', 'attraction_type']","[2, 2, 2]","['Sydney', 'seven hours', 'museum']"
What activities can I engage in Rome for a stay of two months?,"[['activities', 'can', 'engage', 'for', 'in', 'months', 'of', 'rome', 'stay', 'two']]",activity_search,"{'location': [3, 5], 'duration': [6, 7]}","['location', 'duration']","[2, 2]","['Rome', 'two months']"
Can you suggest a round-trip flight to Bangkok within four days?,"[['bangkok', 'can', 'days', 'flight', 'four', 'round', 'suggest', 'to', 'trip', 'within']]",flight_search,"{'location': [3, 5], 'duration': [7, 8], 'flight_type': [0, 2]}","['location', 'duration', 'flight_type']","[2, 2, 2]","['Bangkok', 'four days', 'round-trip']"
What are the top attractions to visit in Berlin for a three weeks trip?,"[['are', 'attractions', 'berlin', 'for', 'in', 'the', 'three', 'to', 'top', 'trip']]",attraction_search,"{'location': [2, 4], 'duration': [8, 9]}","['location', 'duration']","[2, 2]","['Berlin', 'three weeks']"
Can you help me plan a vacation to Dubai for six days and recommend some budget hotels?,"[['and', 'budget', 'can', 'days', 'dubai', 'for', 'help', 'hotels', 'me', 'plan']]",hotel_search,"{'location': [4, 6], 'duration': [9, 10], 'hotel_type': [7, 8]}","['location', 'duration', 'hotel_type']","[2, 2, 2]","['Dubai', 'six days', 'budget']"
What are the best places to see in London if I have five weeks?,"[['are', 'best', 'five', 'have', 'if', 'in', 'london', 'places', 'see', 'the']]",attraction_search,"{'location': [4, 6], 'duration': [1, 2]}","['location', 'duration']","[2, 2]","['London', 'five weeks']"
What can I do in Athens if I only have one day?,"[['athens', 'can', 'day', 'do', 'have', 'if', 'in', 'one', 'only', 'what']]",activity_search,"{'location': [3, 5], 'duration': [1, 2], 'hotel_type': [8, 9]}","['location', 'duration', 'hotel_type']","[2, 2, 2]","['Athens', 'one day', 'boutique']"
What kind of activities can I pursue in Amsterdam over two and a half years?,"[['activities', 'amsterdam', 'and', 'can', 'half', 'in', 'kind', 'of', 'over', 'pursue']]",activity_search,"{'location': [5, 7], 'duration': [9, 10]}","['location', 'duration']","[2, 2]","['Amsterdam', 'two and a half years']"
What historical sites can I explore in Lisbon over seven days?,"[['can', 'days', 'explore', 'historical', 'in', 'lisbon', 'over', 'seven', 'sites', 'what']]",attraction_search,"{'location': [3, 5], 'duration': [7, 8], 'attraction_type': [4, 5]}","['location', 'duration', 'attraction_type']","[2, 2, 2]","['Lisbon', 'seven days', 'historical sites']"
Is there a direct flight available to Singapore within one hour?,"[['available', 'direct', 'flight', 'hour', 'is', 'one', 'singapore', 'there', 'to', 'within']]",flight_search,"{'location': [5, 7], 'duration': [9, 10], 'flight_type': [1, 2]}","['location', 'duration', 'flight_type']","[2, 2, 2]","['Singapore', 'one hour', 'direct flight']"
Can you recommend places to visit in Venice over three days?,"[['can', 'days', 'in', 'over', 'places', 'recommend', 'three', 'to', 'venice', 'visit']]",attraction_search,"{'location': [4, 6], 'duration': [9, 10]}","['location', 'duration']","[2, 2]","['Venice', 'three days']"
What are the best art galleries in Chicago for a stay of eighteen months?,"[['are', 'art', 'best', 'chicago', 'eighteen', 'for', 'galleries', 'in', 'months', 'of']]",attraction_search,"{'location': [4, 6], 'duration': [1, 2], 'attraction_type': [7, 8]}","['location', 'duration', 'attraction_type']","[2, 2, 2]","['Chicago', 'eighteen months', 'art galleries']"
What should I not miss in Istanbul if I am there for four weeks?,"[['am', 'for', 'four', 'if', 'in', 'istanbul', 'miss', 'not', 'should', 'there']]",activity_search,"{'location': [6, 8], 'duration': [4, 5]}","['location', 'duration']","[2, 2]","['Istanbul', 'four weeks']"
What are the top attractions in Cape Town for a two days visit?,"[['are', 'attractions', 'cape', 'days', 'for', 'in', 'the', 'top', 'town', 'two']]",attraction_search,"{'location': [4, 6], 'duration': [1, 2]}","['location', 'duration']","[2, 2]","['Cape Town', 'two days']"
Are there any quick tours in Los Angeles that last three hours?,"[['angeles', 'any', 'are', 'hours', 'in', 'last', 'los', 'quick', 'that', 'there']]",activity_search,"{'location': [6, 8], 'duration': [4, 5]}","['location', 'duration']","[2, 2]","['Los Angeles', 'three hours']"
What kind of long-term activities can I pursue in Prague over ten years?,"[['activities', 'can', 'in', 'kind', 'long', 'of', 'over', 'prague', 'pursue', 'ten']]",long_stay_activity_search,"{'location': [4, 6], 'duration': [9, 10]}","['location', 'duration']","[2, 2]","['Prague', 'ten years']"
Can you suggest a five minutes activity in the parks near San Francisco?,"[['activity', 'can', 'five', 'francisco', 'in', 'minutes', 'near', 'parks', 'san', 'suggest']]",activity_search,"{'location': [6, 8], 'duration': [4, 5], 'attraction_type': [1, 2]}","['location', 'duration', 'attraction_type']","[2, 2, 2]","['San Francisco', 'five minutes', 'parks']"
What are the top attractions to visit in New York City?,"[['are', 'attractions', 'city', 'in', 'new', 'the', 'to', 'top', 'visit', 'what']]",attraction_search,"{'location': [0, 2]}",['location'],[2],['New York City']
How can I rent a car in Los Angeles for 5th May?,"[['5th', 'angeles', 'can', 'car', 'for', 'how', 'in', 'los', 'may', 'rent']]",car_rental,"{'location': [0, 2], 'date': [1, 2]}","['location', 'date']","[2, 2]","['Los Angeles', '5th May']"
Can you help me find a direct flight from New York to Paris for a business trip from 20th to 25th June?,"[['from', 'to', '20th', '25th', 'business', 'can', 'direct', 'find', 'flight', 'for']]",flight_search,"{'location': [0, 2], 'date': [1, 2], 'flight_type': [1, 2]}","['location', 'date', 'flight_type']","[2, 2, 2]","['New York', '20th to 25th June', 'New York to Paris']"
What are the best sightseeing spots in London?,"[['are', 'best', 'in', 'london', 'sightseeing', 'spots', 'the', 'what']]",attraction_search,"{'location': [0, 2], 'attraction_type': [0, 1]}","['location', 'attraction_type']","[2, 2]","['London', 'attraction sightseeing']"
What are the must-visit attractions in Rome?,"[['are', 'attractions', 'in', 'must', 'rome', 'the', 'visit', 'what']]",attraction_search,"{'location': [0, 2]}",['location'],[2],['Rome']
Looking for hotels in Amsterdam for 3rd July.,"[['for', '3rd', 'amsterdam', 'hotels', 'in', 'july', 'looking']]",hotel_search,"{'location': [0, 2], 'date': [1, 2]}","['location', 'date']","[2, 2]","['Amsterdam', '3rd July']"
What are the must-visit attractions in Paris?,"[['are', 'attractions', 'in', 'must', 'paris', 'the', 'visit', 'what']]",attraction_search,"{'location': [0, 2]}",['location'],[2],['Paris']
How can I rent a luxury car in Barcelona for a trip starting on 10th August?,"[['10th', 'august', 'barcelona', 'can', 'car', 'for', 'how', 'in', 'luxury', 'on']]",car_rental,"{'location': [0, 2], 'date': [1, 2], 'car_type': [0, 2]}","['location', 'date', 'car_type']","[2, 2, 2]","['Barcelona', '10th August', 'luxury']"
I need to book a domestic flight from Mumbai to Delhi for 15th September. Can you help?,"[['to', '15th', 'book', 'can', 'delhi', 'domestic', 'flight', 'for', 'from', 'help']]",flight_search,"{'location': [0, 2], 'date': [1, 2], 'flight_type': [1, 2]}","['location', 'date', 'flight_type']","[2, 2, 2]","['Mumbai to Delhi', '15th September', 'domestic flight']"
How can I book an international flight from Sydney to Tokyo for 20th October?,"[['20th', 'an', 'book', 'can', 'flight', 'for', 'from', 'how', 'international', 'october']]",flight_search,"{'location': [0, 2], 'date': [1, 2], 'flight_type': [1, 2]}","['location', 'date', 'flight_type']","[2, 2, 2]","['Sydney to Tokyo', '20th October', 'international flight']"
What are the best hotels in Paris for a stay from 10th to 15th March?,"[['10th', '15th', 'are', 'best', 'for', 'from', 'hotels', 'in', 'march', 'paris']]",hotel_search,"{'location': [0, 2], 'hotel_name': [1, 3], 'date': [1, 2]}","['location', 'hotel_name', 'date']","[2, 2, 2]","['Paris', '10th to 15th March']"
How can I book a flight to London for 2nd April?,"[['2nd', 'april', 'book', 'can', 'flight', 'for', 'how', 'london', 'to']]",flight_booking,"{'location': [0, 2], 'date': [1, 2]}","['location', 'date']","[2, 2]","['London', '2nd April']"
How can I rent a car in Paris for 10th June?,"[['10th', 'can', 'car', 'for', 'how', 'in', 'june', 'paris', 'rent']]",car_rental,"{'location': [0, 2], 'date': [1, 2]}","['location', 'date']","[2, 2]","['Paris', '10th June']"
I need to book a flight to London for 3rd May. My name is John Doe.,"[['to', '3rd', 'book', 'doe', 'flight', 'for', 'is', 'john', 'london', 'may']]",flight_booking,"{'location': [0, 2], 'date': [1, 2], 'name': [1, 3]}","['location', 'date', 'name']","[2, 2, 2]","['London', '3rd May', 'John Doe']"
Can you suggest a good hotel in New York for a stay from 5th to 10th April? My phone number is 123-456-7890.,"[['10th', '123', '456', '5th', '7890', 'april', 'can', 'for', 'from', 'good']]",hotel_search,"{'location': [0, 2], 'date': [1, 2], 'phone_number': [0, 1]}","['location', 'date', 'phone_number']","[2, 2, 2]","['New York', '5th to 10th April', '123-456-7890']"
Can you recommend some attractions to visit in Rome? My name is Jane Smith.,"[['attractions', 'can', 'in', 'is', 'jane', 'my', 'name', 'recommend', 'rome', 'smith']]",attraction_search,"{'location': [0, 2], 'name': [1, 3]}","['location', 'name']","[2, 2]","['Rome', 'Jane Smith']"
How can I rent a car in Barcelona for 5th April? My phone number is 987-654-3210.,"[['3210', '5th', '654', '987', 'april', 'barcelona', 'can', 'car', 'for', 'how']]",car_rental,"{'location': [0, 2], 'date': [1, 2], 'phone_number': [0, 1]}","['location', 'date', 'phone_number']","[2, 2, 2]","['Barcelona', '5th April', '987-654-3210']"
Can you recommend some attractions to visit in London? My phone number is 111-222-3333.,"[['111', '222', '3333', 'attractions', 'can', 'in', 'is', 'london', 'my', 'number']]",attraction_search,"{'location': [0, 2], 'phone_number': [0, 1]}","['location', 'phone_number']","[2, 2]","['London', '111-222-3333']"
What are the best hotels in Paris for John's stay from 2023-03-10 to 2023-03-15 at 08:00?,"[['03', '2023', '00', '08', '10', '15', 'are', 'at', 'best', 'for']]",hotel_search,"{'location': [0, 2], 'date': [1, 2], 'time': [0, 1], 'name': [1, 3]}","['location', 'date', 'time', 'name']","[2, 2, 2, 2]","['Paris', '2023-03-10 to 2023-03-15', '08:00']"
How can Alice rent a car in Los Angeles for 2023-05-05 at 14:00?,"[['05', '00', '14', '2023', 'alice', 'angeles', 'at', 'can', 'car', 'for']]",car_rental,"{'location': [0, 2], 'date': [1, 2], 'time': [0, 1], 'name': [1, 3]}","['location', 'date', 'time', 'name']","[2, 2, 2, 2]","['Los Angeles', '2023-05-05', '14:00']"
Can you help Bob find a direct flight from New York to Paris for a business trip from 2023-06-20 to 2023-06-25 at 09:00?,"[['06', '2023', 'from', 'to', '09', '20', '25', 'at', 'bob', 'business']]",flight_search,"{'location': [0, 2], 'date': [1, 2], 'time': [0, 1], 'name': [1, 3]}","['location', 'date', 'time', 'name']","[2, 2, 2, 2]","['New York', '2023-06-20 to 2023-06-25', '09:00']"
What are the top attractions to visit in Sydney?,"[['are', 'attractions', 'in', 'sydney', 'the', 'to', 'top', 'visit', 'what']]",attraction_search,"{'location': [0, 2]}",['location'],[2],['Sydney']
How can I rent a car in Los Angeles for 5th May?,"[['5th', 'angeles', 'can', 'car', 'for', 'how', 'in', 'los', 'may', 'rent']]",car_rental,"{'location': [0, 2], 'date': [1, 2]}","['location', 'date']","[2, 2]","['Los Angeles', '5th May']"
Can you help me find a direct flight from Singapore to Bali for a vacation from 10th to 15th July?,"[['from', 'to', '10th', '15th', 'bali', 'can', 'direct', 'find', 'flight', 'for']]",flight_search,"{'location': [0, 2], 'date': [1, 2], 'flight_type': [1, 3]}","['location', 'date', 'flight_type']","[2, 2, 2]","['Singapore', '10th to 15th July', 'Singapore to Bali']"
What are the best sightseeing spots in Tokyo?,"[['are', 'best', 'in', 'sightseeing', 'spots', 'the', 'tokyo', 'what']]",attraction_search,"{'location': [0, 2], 'attraction_type': [1, 4]}","['location', 'attraction_type']","[2, 2]","['Tokyo', 'attraction sightseeing']"
What are the must-visit attractions in Barcelona?,"[['are', 'attractions', 'barcelona', 'in', 'must', 'the', 'visit', 'what']]",attraction_search,"{'location': [0, 2]}",['location'],[2],['Barcelona']
"What are the best hotels in Paris for John's stay from 2023-03-10 to 2023-03-15 at 08:00? Also, what museums are near 123 Main Street?","[['03', '2023', 'are', 'what', '08', '10', '123', '15', 'also', 'at']]",hotel_search,"{'location': [0, 2], 'date': [1, 2], 'time': [0, 1], 'name': [1, 3], 'address': [4, 8], 'attraction_type': [4, 5]}","['location', 'date', 'time', 'name', 'address', 'attraction_type']","[2, 2, 2, 2, 2, 2]","['Paris', '2023-03-10 to 2023-03-15', '08:00', 'John', '123 Main Street', 'museum']"
"How can Alice rent a car in Los Angeles for 2023-05-05 at 14:00? Also, what parks are near 456 Elm Street?","[['05', '00', '14', '2023', '456', 'alice', 'also', 'angeles', 'are', 'at']]",car_rental,"{'location': [0, 2], 'date': [1, 2], 'time': [0, 1], 'name': [1, 3], 'address': [4, 8], 'attraction_type': [1, 4]}","['location', 'date', 'time', 'name', 'address', 'attraction_type']","[2, 2, 2, 2, 2, 2]","['Los Angeles', '2023-05-05', '14:00', 'Alice', '456 Elm Street', 'park']"
"Can you help Bob find a direct flight from New York to Paris for a business trip from 2023-06-20 to 2023-06-25 at 09:00? Also, what restaurants are near 789 Oak Avenue?","[['06', '2023', 'from', 'to', '00', '09', '20', '25', 'are', 'at']]",flight_search,"{'location': [0, 2], 'date': [1, 2], 'time': [0, 1], 'name': [1, 3], 'address': [4, 8], 'attraction_type': [1, 4]}","['location', 'date', 'time', 'name', 'address', 'attraction_type']","[2, 2, 2, 2, 2, 2]","['New York', '2023-06-20 to 2023-06-25', '09:00', 'Bob', '789 Oak Avenue', 'restaurant']"
What hidden gems are there to explore off the beaten path in Kyoto?,"[['are', 'beaten', 'explore', 'gems', 'hidden', 'in', 'kyoto', 'off', 'path', 'the']]",attraction_search,"{'location': [0, 1]}",['location'],[2],['Kyoto']
Are there any beginner-friendly rock climbing spots in Yosemite National Park?,"[['any', 'are', 'beginner', 'climbing', 'friendly', 'in', 'national', 'park', 'rock', 'spots']]",activity_search,"{'location': [0, 2], 'activity': [1, 3]}","['location', 'activity']","[2, 2]","['Yosemite National Park', 'rock climbing']"
Where can I find the best spots to try authentic Cajun food in New Orleans?,"[['authentic', 'best', 'cajun', 'can', 'find', 'food', 'in', 'new', 'orleans', 'spots']]",restaurant_search,"{'location': [0, 1], 'cuisine': [2, 3]}","['location', 'cuisine']","[2, 2]","['New Orleans', 'authentic Cajun food']"
What are the travel logistics for attending La Tomatina festival in Spain?,"[['are', 'attending', 'festival', 'for', 'in', 'la', 'logistics', 'spain', 'the', 'tomatina']]",trip_planning,"{'event': [0, 2]}",['event'],[2],['La Tomatina festival']
What are the most eco-friendly ways to experience the Great Barrier Reef?,"[['the', 'are', 'barrier', 'eco', 'experience', 'friendly', 'great', 'most', 'reef', 'to']]",activity_search,"{'location': [0, 2]}",['location'],[2],['Great Barrier Reef']
How do I get the most breathtaking sunrise photos at Angkor Wat in Cambodia?,"[['angkor', 'at', 'breathtaking', 'cambodia', 'do', 'get', 'how', 'in', 'most', 'photos']]",photography_tips,"{'location': [0, 1]}",['location'],[2],['Angkor Wat']
"What are some highly-rated backpacking hostels with a social atmosphere in Queenstown, New Zealand?","[['are', 'atmosphere', 'backpacking', 'highly', 'hostels', 'in', 'new', 'queenstown', 'rated', 'social']]",accommodation_search,"{'location': [0, 2], 'accommodation': [1, 3]}","['location', 'accommodation']","[2, 2]","['Queenstown, New Zealand', 'backpacking hostels']"
"What are some unique cultural experiences I can have in Udaipur, India?","[['are', 'can', 'cultural', 'experiences', 'have', 'in', 'india', 'some', 'udaipur', 'unique']]",activity_search,"{'location': [0, 1]}",['location'],[2],"['Udaipur, India']"
"What are the must-see places for a two-week backwater cruise in Kerala, India?","[['are', 'backwater', 'cruise', 'for', 'in', 'india', 'kerala', 'must', 'places', 'see']]",trip_planning,"{'location': [0, 1]}",['location'],[2],"['Kerala, India']"
"Can you recommend some highly-rated Michelin-starred sushi restaurants in Tokyo, Japan?","[['can', 'highly', 'in', 'japan', 'michelin', 'rated', 'recommend', 'restaurants', 'some', 'starred']]",restaurant_search,"{'location': [0, 1], 'cuisine': [2, 3]}","['location', 'cuisine']","[2, 2]","['Tokyo, Japan', 'Michelin-starred sushi restaurants']"
"What are the essential things to know before attending Carnival in Rio de Janeiro, Brazil?","[['are', 'attending', 'before', 'brazil', 'carnival', 'de', 'essential', 'in', 'janeiro', 'know']]",trip_planning,"{'location': [0, 2], 'event': [1, 3]}","['location', 'event']","[2, 2]","['Rio de Janeiro, Brazil', 'Carnival']"
What are the best beaches for surfing lessons in Goa during the monsoon season?,"[['the', 'are', 'beaches', 'best', 'during', 'for', 'goa', 'in', 'lessons', 'monsoon']]",activity_search,"{'location': [0, 1]}",['location'],[2],['Goa']
What are some reputable companies offering guided desert camping tours in Rajasthan?,"[['are', 'camping', 'companies', 'desert', 'guided', 'in', 'offering', 'rajasthan', 'reputable', 'some']]",tour_search,"{'location': [0, 2]}",['location'],[2],"['Rajasthan', 'desert camping']"
Are there any budget-friendly homestays with stunning views in Munnar?,"[['any', 'are', 'budget', 'friendly', 'homestays', 'in', 'munnar', 'stunning', 'there', 'views']]",accommodation_search,"{'location': [0, 1]}",['location'],[2],['Munnar']
What are some traditional cooking classes I can take in Kerala to learn about Ayurvedic cuisine?,"[['about', 'are', 'ayurvedic', 'can', 'classes', 'cooking', 'cuisine', 'in', 'kerala', 'learn']]",activity_search,"{'location': [0, 1]}",['location'],[2],['Kerala']
What are some unique ways to experience the festival of Diwali in Varanasi?,"[['are', 'diwali', 'experience', 'festival', 'in', 'of', 'some', 'the', 'to', 'unique']]",activity_search,"{'location': [0, 2], 'festival': [1, 3]}","['location', 'festival']","[2, 2]","['Varanasi', 'Diwali']"
What are some volunteer opportunities available in Dharamshala to support the Tibetan community?,"[['are', 'available', 'community', 'dharamshala', 'in', 'opportunities', 'some', 'support', 'the', 'tibetan']]",volunteer_search,"{'location': [0, 1]}",['location'],[2],['Dharamsala']
What are the best places to go for coffee plantation tours and tastings in Coorg?,"[['and', 'are', 'best', 'coffee', 'coorg', 'for', 'go', 'in', 'places', 'plantation']]",activity_search,"{'location': [0, 1]}",['location'],[2],['Coorg']
What are some challenging yet safe mountain biking trails for experienced riders in Ladakh?,"[['are', 'biking', 'challenging', 'experienced', 'for', 'in', 'ladakh', 'mountain', 'riders', 'safe']]",activity_search,"{'location': [0, 2]}",['location'],[2],"['Ladakh', 'mountain biking']"
Can you recommend some unique historical sites off the beaten path to explore near Hampi?,"[['beaten', 'can', 'explore', 'hampi', 'historical', 'near', 'off', 'path', 'recommend', 'sites']]",attraction_search,"{'location': [0, 1]}",['location'],[2],['Hampi']
What are some luxurious Ayurvedic wellness retreats offering yoga and meditation programs in Kerala?,"[['and', 'are', 'ayurvedic', 'in', 'kerala', 'luxurious', 'meditation', 'offering', 'programs', 'retreats']]",accommodation_search,"{'location': [0, 2]}",['location'],[2],"['Kerala', 'Ayurvedic wellness retreats']"
What are some popular hiking trails near Manali?,"[['are', 'hiking', 'manali', 'near', 'popular', 'some', 'trails', 'what']]",activity_search,"{'location': [1, 2]}",['location'],[2],['Manali']
What are some must-visit historical landmarks in Delhi?,"[['are', 'delhi', 'historical', 'in', 'landmarks', 'must', 'some', 'visit', 'what']]",attraction_search,"{'location': [1, 2]}",['location'],[2],['Delhi']
How can I find homestays with a view in Munnar for under $50 a night?,"[['50', 'can', 'find', 'for', 'homestays', 'how', 'in', 'munnar', 'night', 'under']]",accommodation_search,"{'location': [1, 2], 'price': [1, 2], 'accommodation': [3, 4]}","['location', 'price', 'accommodation']","[2, 2, 2]","['Munnar', '$50', 'homestays']"
What are some wildlife sanctuaries to visit in India during the winter season?,"[['are', 'during', 'in', 'india', 'sanctuaries', 'season', 'some', 'the', 'to', 'visit']]",activity_search,"{'location': [1, 2], 'season': [0, 1]}","['location', 'season']","[2, 2]","['India', 'winter']"
Is there a farmers market open today near me?,"[['farmers', 'is', 'market', 'me', 'near', 'open', 'there', 'today']]",business_search,"{'time': [1, 2]}",['time'],[2],['today']
What are some art galleries exhibiting modern paintings in Chelsea Manhattan?,"[['are', 'art', 'chelsea', 'exhibiting', 'galleries', 'in', 'manhattan', 'modern', 'paintings', 'some']]",attraction_search,"{'location': [1, 2], 'attraction_type': [2, 4]}","['location', 'attraction_type']","[2, 2]","['Chelsea, Manhattan', 'modern paintings']"
When are there flights departing from San Francisco to Paris this summer?,"[['are', 'departing', 'flights', 'francisco', 'from', 'paris', 'san', 'summer', 'there', 'this']]",travel_search,"{'origin': [1, 2], 'destination': [1, 2], 'season': [1]}","['origin', 'destination', 'season']","[2, 2, 1]","['San Francisco', 'Paris', 'summer']"
Are there any vegetarian restaurants with outdoor seating in Austin Texas?,"[['any', 'are', 'austin', 'in', 'outdoor', 'restaurants', 'seating', 'texas', 'there', 'vegetarian']]",restaurant_search,"{'location': [1, 2], 'cuisine': [0, 1]}","['location', 'cuisine']","[2, 2]","['Austin, Texas', 'vegetarian']"
What spas offer couples massages in Bangalore on weekdays?,"[['bangalore', 'couples', 'in', 'massages', 'offer', 'on', 'spas', 'weekdays', 'what']]",business_search,"{'location': [1, 2], 'service': [1, 2], 'time': [1, 2]}","['location', 'service', 'time']","[2, 2, 2]","['Bangalore', 'couples massages', 'weekdays']"
What are the weather conditions like in London today?,"[['are', 'conditions', 'in', 'like', 'london', 'the', 'today', 'weather', 'what']]",weather_search,"{'location': [1, 2], 'time': [1, 2]}","['location', 'time']","[2, 2]","['London', 'today']"
Where can I find a pharmacy near me that's open late tonight?,"[['can', 'find', 'late', 'me', 'near', 'open', 'pharmacy', 'that', 'tonight', 'where']]",business_search,"{'location': [1, 2], 'time': [1, 2]}","['location', 'time']","[2, 2]","['current location', 'late tonight']"
What are some popular things to do in Barcelona for families with young children?,"[['are', 'barcelona', 'children', 'do', 'families', 'for', 'in', 'popular', 'some', 'things']]",activity_search,"{'location': [1, 2]}",['location'],[2],['Barcelona']
What are some highly-rated Italian restaurants in San Francisco's Chinatown?,"[['are', 'chinatown', 'francisco', 'highly', 'in', 'italian', 'rated', 'restaurants', 'san', 'some']]",restaurant_search,"{'location': [1, 2], 'cuisine': [2, 3]}","['location', 'cuisine']","[2, 2]","['San Francisco Chinatown', 'Italian']"
What museums are free to enter on the first Saturday of the month?,"[['the', 'are', 'enter', 'first', 'free', 'month', 'museums', 'of', 'on', 'saturday']]",attraction_search,"{'attraction_type': [2, 4], 'day': [1]}","['attraction_type', 'day']","[2, 1]","['museum', 'Saturday']"
What are the best places to go hiking near Manali?,"[['are', 'best', 'go', 'hiking', 'manali', 'near', 'places', 'the', 'to', 'what']]",activity_search,"{'location': [1, 2]}",['location'],[2],['Manali']
Are there any art galleries showcasing impressionist paintings in Chelsea New York?,"[['any', 'are', 'art', 'chelsea', 'galleries', 'impressionist', 'in', 'new', 'paintings', 'showcasing']]",attraction_search,"{'location': [1, 2], 'exhibit': [1, 2]}","['location', 'exhibit']","[2, 2]","['Chelsea, New York', 'impressionist paintings']"
When can I find flights departing from San Francisco International Airport to Paris during summer this year?,"[['airport', 'can', 'departing', 'during', 'find', 'flights', 'francisco', 'from', 'international', 'paris']]",travel_search,"{'origin': [1, 2], 'destination': [1, 2], 'time': [0, 1]}","['origin', 'destination', 'time']","[2, 2, 2]","['San Francisco International Airport', 'Paris', 'this summer']"
Is there a traditional flamenco show happening tonight near Plaza Mayor in Madrid?,"[['flamenco', 'happening', 'in', 'is', 'madrid', 'mayor', 'near', 'plaza', 'show', 'there']]",event_search,"{'location': [1, 2], 'time': [0, 1]}","['location', 'time']","[2, 2]","['Madrid, Plaza Mayor', 'tonight']"
What are some historical walking tours offered in English in Prague Czech Republic?,"[['in', 'are', 'czech', 'english', 'historical', 'offered', 'prague', 'republic', 'some', 'tours']]",activity_search,"{'location': [2, 3], 'language': [1, 2]}","['location', 'language']","[2, 2]","['Prague, Czech Republic', 'English']"
How far is it from Marrakech to the Sahara Desert and are there day tours available?,"[['and', 'are', 'available', 'day', 'desert', 'far', 'from', 'how', 'is', 'it']]",trip_planning,"{'origin': [1, 2], 'destination': [1, 2]}","['origin', 'destination']","[2, 2]","['Marrakech', 'Sahara Desert']"
I'm interested in learning how to tango in Buenos Aires Argentina. Are there any beginner-friendly classes offered? ,"[['in', 'aires', 'any', 'are', 'argentina', 'beginner', 'buenos', 'classes', 'friendly', 'how']]",activity_search,"{'location': [1, 2]}",['location'],[2],"['Buenos Aires, Argentina']"
Where can I find wildlife sanctuaries offering volunteer programs in South Africa?,"[['africa', 'can', 'find', 'in', 'offering', 'programs', 'sanctuaries', 'south', 'volunteer', 'where']]",volunteer_search,"{'location': [1, 2]}",['location'],[2],['South Africa']
What are some things to do for kids on a rainy day in London England?,"[['are', 'day', 'do', 'england', 'for', 'in', 'kids', 'london', 'on', 'rainy']]",activity_search,"{'location': [1, 2]}",['location'],[2],"['London, England']"
I'm planning a road trip along the Pacific Coast Highway. Can you suggest some scenic stops along the way?,"[['along', 'the', 'can', 'coast', 'highway', 'pacific', 'planning', 'road', 'scenic', 'some']]",trip_planning,"{'route': [2, 3]}",['route'],[2],['Pacific Coast Highway']
What are some unique festivals happening in Rio de Janeiro Brazil in February?,"[['in', 'are', 'brazil', 'de', 'february', 'festivals', 'happening', 'janeiro', 'rio', 'some']]",event_search,"{'location': [1, 2], 'month': [0, 1]}","['location', 'month']","[2, 2]","['Rio de Janeiro, Brazil', 'February']"
What day trips are there from Hanoi to Ha Long Bay that include kayaking?,"[['are', 'bay', 'day', 'from', 'ha', 'hanoi', 'include', 'kayaking', 'long', 'that']]",activity_search,"{'origin': [1, 2], 'destination': [1, 2]}","['origin', 'destination']","[2, 2]","['Hanoi', 'Ha Long Bay']"
What are some traditional African dance classes offered in Accra Ghana?,"[['accra', 'african', 'are', 'classes', 'dance', 'ghana', 'in', 'offered', 'some', 'traditional']]",activity_search,"{'location': [1, 2]}",['location'],[2],"['Accra, Ghana']"
Best places to go white water rafting in Nepal in April,"[['in', 'april', 'best', 'go', 'nepal', 'places', 'rafting', 'to', 'water', 'white']]",activity_search,"{'location': [1, 2], 'month': [1], 'activity': [1, 3]}","['location', 'month', 'activity']","[2, 1, 2]","['Nepal', 'April', 'white water rafting']"
Cheapest time to fly to Santorini Greece from Chicago,"[['to', 'cheapest', 'chicago', 'fly', 'from', 'greece', 'santorini', 'time']]",flight_search,"{'destination': [1, 2], 'origin': [5, 6], 'cost': [1]}","['destination', 'origin', 'cost']","[2, 2, 1]","['Santorini, Greece', 'Chicago', 'cheapest']"
What are the visa requirements for US citizens traveling to Vietnam?,"[['are', 'citizens', 'for', 'requirements', 'the', 'to', 'traveling', 'us', 'vietnam', 'visa']]",travel_documentation,"{'citizenship': [1, 2], 'destination': [1, 2]}","['citizenship', 'destination']","[2, 2]","['US', 'Vietnam']"
Open water diving courses near El Nido Palawan in the Philippines,"[['courses', 'diving', 'el', 'in', 'near', 'nido', 'open', 'palawan', 'philippines', 'the']]",activity_search,"{'activity': [1, 3], 'location': [1, 2]}","['activity', 'location']","[2, 2]","['Open water diving courses', 'El Nido, Palawan, Philippines']"
Safest places for solo female travelers in Southeast Asia,"[['asia', 'female', 'for', 'in', 'places', 'safest', 'solo', 'southeast', 'travelers']]",trip_planning,"{'gender': [0, 1], 'region': [1, 3]}","['gender', 'region']","[2, 2]","['female', 'Southeast Asia']"
UNESCO World Heritage Sites in Colombia to visit off the beaten path,"[['beaten', 'colombia', 'heritage', 'in', 'off', 'path', 'sites', 'the', 'to', 'unesco']]",attraction_search,"{'organisation': [1, 3], 'location': [1, 2]}","['organisation', 'location']","[2, 2]","['UNESCO', 'Colombia']"
Wildlife photography tours in Botswana's Okavango Delta,"[['botswana', 'delta', 'in', 'okavango', 'photography', 'tours', 'wildlife']]",activity_search,"{'location': [1, 2]}",['location'],[2],"['Botswana, Okavango Delta']"
Best mountain bike trails for beginners near Whistler Canada,"[['beginners', 'best', 'bike', 'canada', 'for', 'mountain', 'near', 'trails', 'whistler']]",activity_search,"{'car_type': [2, 4], 'location': [1, 2]}","['car_type', 'location']","[2, 2]","['mountain bike', 'Whistler, Canada']"
Historical walking tours in Budapest with English guides,"[['budapest', 'english', 'guides', 'historical', 'in', 'tours', 'walking', 'with']]",activity_search,"{'location': [1, 2], 'language': [0, 1]}","['location', 'language']","[2, 2]","['Budapest', 'English']"
Best glamping experiences near Patagonia for a romantic getaway,"[['best', 'experiences', 'for', 'getaway', 'glamping', 'near', 'patagonia', 'romantic']]",activity_search,"{'location': [1, 2], 'theme': [1, 2]}","['location', 'theme']","[2, 2]","['Patagonia', 'romantic']"
Ancient ruins to visit in Jordan besides Petra,"[['ancient', 'besides', 'in', 'jordan', 'petra', 'ruins', 'to', 'visit']]",attraction_search,"{'location': [1, 2]}",['location'],[2],"['Jordan', 'Petra']"
Best places to learn to kitesurf in the Caribbean during the summer,"[['the', 'to', 'best', 'caribbean', 'during', 'in', 'kitesurf', 'learn', 'places', 'summer']]",activity_search,"{'location': [1, 2], 'season': [0, 1]}","['location', 'season']","[2, 2]","['Caribbean', 'summer']"
What type of currency is used in Mongolia and can I exchange USD there?,"[['and', 'can', 'currency', 'exchange', 'in', 'is', 'mongolia', 'of', 'there', 'type']]",travel_documentation,"{'location': [2], 'currency': [0, 1]}","['location', 'currency']","[1, 2]","['Mongolia', 'USD']"
Do I need a travel adapter for my electronics in South Africa?,"[['adapter', 'africa', 'do', 'electronics', 'for', 'in', 'my', 'need', 'south', 'travel']]",travel_documentation,"{'location': [1, 2]}",['location'],[2],['South Africa']
Safest ways to travel around Sri Lanka for budget backpackers,"[['around', 'backpackers', 'budget', 'for', 'lanka', 'safest', 'sri', 'to', 'travel', 'ways']]",trip_planning,"{'location': [1, 2]}",['location'],[2],['Sri Lanka']
Which countries require proof of yellow fever vaccination for entry?,"[['countries', 'entry', 'fever', 'for', 'of', 'proof', 'require', 'vaccination', 'which', 'yellow']]",travel_documentation,"{'vaccination': [1, 2]}",['vaccination'],[2],['yellow fever']
What local festivals are happening in Cusco Peru in June?,"[['in', 'are', 'cusco', 'festivals', 'happening', 'june', 'local', 'peru', 'what']]",event_search,"{'location': [1, 2], 'month': [0, 1]}","['location', 'month']","[2, 2]","['Cusco, Peru', 'June']"
Malaria medication recommendations for trekking in Nepal in October,"[['in', 'for', 'malaria', 'medication', 'nepal', 'october', 'recommendations', 'trekking']]",travel_documentation,"{'disease': [1, 3], 'location': [1, 2], 'month': [0, 1]}","['disease', 'location', 'month']","[2, 2, 2]","['MalariaNepal', 'October']"
Best places to stay for wildlife viewing in Kruger National Park South Africa,"[['africa', 'best', 'for', 'in', 'kruger', 'national', 'park', 'places', 'south', 'stay']]",accommodation_search,"{'attraction_type': [2, 4], 'location': [1, 2]}","['attraction_type', 'location']","[2, 2]","['Kruger National Park', 'South Africa']"
Who is eligible for e-Visa Services?,"[['eligible', 'for', 'is', 'services', 'visa', 'who']]",travel_documentation,"{'visa': [1, 2]}",['visa'],[2],['e-Visa']
What is the procedure of applying for e-Visa?,"[['applying', 'for', 'is', 'of', 'procedure', 'the', 'visa', 'what']]",travel_documentation,"{'visa': [1, 2]}",['visa'],[2],['e-Visa']
Is there any other website apart from the government website to apply for the e-Visa application?,"[['the', 'website', 'any', 'apart', 'application', 'apply', 'for', 'from', 'government', 'is']]",travel_documentation,"{'visa': [1, 2]}",['visa'],[2],['e-Visa application']
Is there any fee other than the processing fee for visa application?,"[['fee', 'any', 'application', 'for', 'is', 'other', 'processing', 'than', 'the', 'there']]",travel_documentation,"{'fee': [1, 3]}",['fee'],[2],['processing fee']
Do I get a confirmation of submission of my e-Visa application?,"[['of', 'application', 'confirmation', 'do', 'get', 'my', 'submission', 'visa']]",travel_documentation,"{'visa': [1, 2]}",['visa'],[2],['e-Visa application']
When will my e-Visa be issued and how will I be informed about it?,"[['be', 'will', 'about', 'and', 'how', 'informed', 'issued', 'it', 'my', 'visa']]",travel_documentation,"{'visa': [1, 2]}",['visa'],[2],['e-Visa']
Can I check the status of my e-Visa application?,"[['application', 'can', 'check', 'my', 'of', 'status', 'the', 'visa']]",travel_documentation,"{'visa': [1, 2]}",['visa'],[2],['e-Visa application']
What is the validity of e-Visa?,"[['is', 'of', 'the', 'validity', 'visa', 'what']]",travel_documentation,"{'visa': [1, 2]}",['visa'],[2],['e-Visa']
Can I convert my e-Visa to any other Visa?,"[['visa', 'any', 'can', 'convert', 'my', 'other', 'to']]",travel_documentation,"{'visa': [1, 2]}",['visa'],[2],['e-Visa']
I have not received any intimation even after 72 Hours of submission of my e-Visa application. What should I do now?,"[['of', '72', 'after', 'any', 'application', 'do', 'even', 'have', 'hours', 'intimation']]",travel_documentation,"{'visa': [1, 2]}",['visa'],[2],['e-Visa application']
I am applying e-Visa for myself and my son/daughter who is a minor. Do I need to apply for a separate e-Visa for my minor child?,"[['for', 'minor', 'my', 'visa', 'am', 'apply', 'applying', 'child', 'daughter', 'do']]",travel_documentation,"{'visa': [1, 2]}",['visa'],[2],['e-Visa']
I have submitted my e-Visa application and paid the processing fee. If I cancel my proposed visit to India will the fees be refunded?,"[['my', 'the', 'and', 'application', 'be', 'cancel', 'fee', 'fees', 'have', 'if']]",travel_documentation,"{'visa': [1, 2], 'location': [1, 2]}","['visa', 'location']","[2, 2]","['e-Visa application', 'India']"
Do I have to pay anything else at the airport for e-Visa (other than the processing fee paid by me online)?,"[['the', 'airport', 'anything', 'at', 'by', 'do', 'else', 'fee', 'have', 'me']]",travel_documentation,"{'visa': [1, 2], 'fee': [1, 3]}","['visa', 'fee']","[2, 2]","['e-Visa', 'processing fee']"
I want to submit my liquor permit application along with my e-visa application how can I do this?,"[['application', 'my', 'along', 'can', 'do', 'how', 'liquor', 'permit', 'submit', 'this']]",travel_documentation,"{'document': [2, 4], 'visa': [1, 2]}","['document', 'visa']","[2, 2]","['liquor permit application', 'e-Visa']"
What should I do if the payment is not accepted by the e-Visa website?,"[['the', 'accepted', 'by', 'do', 'if', 'is', 'not', 'payment', 'should', 'visa']]",travel_documentation,"{'visa': [1, 2]}",['visa'],[2],['e-Visa website']
How can I get the invoice/receipt of the e-Visa payment?,"[['the', 'can', 'get', 'how', 'invoice', 'of', 'payment', 'receipt', 'visa']]",travel_documentation,"{'visa': [1, 2]}",['visa'],[2],['e-Visa payment']
What are the necessary documents required to apply for an e-Business Visa other than the Passport?,"[['the', 'an', 'apply', 'are', 'business', 'documents', 'for', 'necessary', 'other', 'passport']]",travel_documentation,"{'visa': [1, 2], 'document': [1, 2]}","['visa', 'document']","[2, 2]","['e-Business Visa', 'Passport']"
What is a Business Card?,"[['business', 'card', 'is', 'what']]",travel_documentation,"{'document': [1, 2]}",['document'],[2],['Business Card']
What are the necessary documents required for e-Medical Visa other than the Passport?,"[['the', 'are', 'documents', 'for', 'medical', 'necessary', 'other', 'passport', 'required', 'than']]",travel_documentation,"{'visa': [1, 2], 'document': [1, 2]}","['visa', 'document']","[2, 2]","['e-Medical Visa', 'Passport']"
What are the necessary documents required for e-Conference Visa other than the Passport?,"[['the', 'are', 'conference', 'documents', 'for', 'necessary', 'other', 'passport', 'required', 'than']]",travel_documentation,"{'visa': [1, 2], 'document': [1, 2]}","['visa', 'document']","[2, 2]","['e-Conference Visa', 'Passport']"
I got a new passport but my ETA was on old passport and it is still valid. How can I proceed now?,"[['passport', 'and', 'but', 'can', 'eta', 'got', 'how', 'is', 'it', 'my']]",travel_documentation,"{'visa': [1, 2], 'travel_doc': [1, 2]}","['visa', 'travel_doc']","[2, 2]","['ETA', 'old passport']"
Can I enter India using Land border even if I am having valid e-visa for any other airport or seaport which is not listed for the e-Visa ?,"[['for', 'visa', 'airport', 'am', 'any', 'border', 'can', 'enter', 'having', 'if']]",travel_documentation,"{'location': [1, 2], 'visa': [1, 2]}","['location', 'visa']","[2, 2]","['India', 'e-Visa']"
How can I fill previous Visa details inside the e-Visa application form?,"[['visa', 'application', 'can', 'details', 'fill', 'form', 'how', 'inside', 'previous', 'the']]",travel_documentation,"{'visa': [1, 2]}",['visa'],[2],['e-Visa application form']
Can I get Visa on Arrival(VoA) at Indian Airports/Seaport?,"[['airports', 'arrival', 'at', 'can', 'get', 'indian', 'on', 'seaport', 'visa', 'voa']]",travel_documentation,"{'location': [1, 2], 'visa': [1, 2]}","['location', 'visa']","[2, 2]","['India', 'Visa on Arrival (VoA)']"
Can I get a refund for the rejected e-Visa application?,"[['application', 'can', 'for', 'get', 'refund', 'rejected', 'the', 'visa']]",travel_documentation,"{'visa': [1, 2]}",['visa'],[2],['e-Visa application']
Can I use e-Visa to enter in India by cruise Ship?,"[['by', 'can', 'cruise', 'enter', 'in', 'india', 'ship', 'to', 'use', 'visa']]",travel_documentation,"{'visa': [1, 2], 'car_type': [2, 4]}","['visa', 'car_type']","[2, 2]","['e-Visa', 'cruise Ship']"
What is 'Visible Identification Mark'?,"[['identification', 'is', 'mark', 'visible', 'what']]",travel_documentation,"{'document': [2, 4]}",['document'],[2],['Visible Identification Mark']
Who have to carry the 'Yellow Fever Vaccination card'?,"[['card', 'carry', 'fever', 'have', 'the', 'to', 'vaccination', 'who', 'yellow']]",travel_documentation,"{'vaccination': [3, 4]}",['vaccination'],[2],['Yellow Fever Vaccination card']
We got the ETA but have discrepancy in the Name Nationality Passport Number and Date of Birth in the ETA ?,"[['the', 'eta', 'in', 'and', 'birth', 'but', 'date', 'discrepancy', 'got', 'have']]",travel_documentation,"{'travel_doc': [1, 2]}",['travel_doc'],[2],['ETA']
Is the e-Visa facility allowed for employment Visa?,"[['visa', 'allowed', 'employment', 'facility', 'for', 'is', 'the']]",travel_documentation,"{'visa': [4, 5]}",['visa'],[2],"['e-Visa', 'employment Visa']"
Is the e-Visa allowed for Non-Governmental Organization (NGO) activities and journalism purposes ?,"[['activities', 'allowed', 'and', 'for', 'governmental', 'is', 'journalism', 'ngo', 'non', 'organization']]",travel_documentation,"{'visa': [1, 2], 'organisation': [1, 3], 'profession': [1, 3]}","['visa', 'organisation', 'profession']","[2, 2, 2]","['e-Visa', 'Non-Governmental Organization (NGO)', 'journalism']"
What are the dates for the upcoming Goa Carnival in India?,"[['the', 'are', 'carnival', 'dates', 'for', 'goa', 'in', 'india', 'upcoming', 'what']]",festival_info,"{'location': [0, 1], 'festival': [2, 3]}","['location', 'festival']","[2, 2]","['Goa, India', 'Goa Carnival']"
"Where can I find the best restaurants serving Chettinad cuisine in Chennai, India?","[['best', 'can', 'chennai', 'chettinad', 'cuisine', 'find', 'in', 'india', 'restaurants', 'serving']]",restaurant_search,"{'location': [0, 1], 'cuisine': [2, 3]}","['location', 'cuisine']","[2, 2]","['Chennai, India', 'Chettinad cuisine']"
"What are some eco-friendly yoga retreats to stay in Rishikesh, India?","[['are', 'eco', 'friendly', 'in', 'india', 'retreats', 'rishikesh', 'some', 'stay', 'to']]",accommodation_search,"{'location': [0, 1], 'accommodation': [2, 3]}","['location', 'accommodation']","[2, 2]","['Rishikesh, India', 'eco-friendly yoga retreats']"
What are some lesser-known historical facts about the Taj Mahal?,"[['about', 'are', 'facts', 'historical', 'known', 'lesser', 'mahal', 'some', 'taj', 'the']]",information_search,"{'location': [0, 2], 'attraction_type': [2, 4]}","['location', 'attraction_type']","[2, 2]","['India', 'Taj Mahal']"
When is the next edition of the Kolkata International Film Festival happening?,"[['the', 'edition', 'festival', 'film', 'happening', 'international', 'is', 'kolkata', 'next', 'of']]",event_info,"{'location': [0, 1], 'event': [2, 3]}","['location', 'event']","[2, 2]","['Kolkata, India', 'Kolkata International Film Festival']"
"What are some reputable centers offering Ayurvedic treatments in Kerala, India?","[['are', 'ayurvedic', 'centers', 'in', 'india', 'kerala', 'offering', 'reputable', 'some', 'treatments']]",activity_search,"{'location': [0, 1], 'activity': [2, 3]}","['location', 'activity']","[2, 2]","['Kerala, India', 'Ayurvedic treatments']"
How can I book tickets for a ride on the Himachal Pradesh Toy Train?,"[['book', 'can', 'for', 'himachal', 'how', 'on', 'pradesh', 'ride', 'the', 'tickets']]",transportation_booking,"{'location': [0, 1], 'car_type': [2, 3]}","['location', 'car_type']","[2, 2]","['Himachal Pradesh, India', 'Toy Train']"
Are there any unique homestays I can experience along the Golden Triangle tourist circuit in India?,"[['along', 'any', 'are', 'can', 'circuit', 'experience', 'golden', 'homestays', 'in', 'india']]",accommodation_search,"{'location': [0, 2], 'accommodation': [1, 3]}","['location', 'accommodation']","[2, 2]","['Golden Triangle (India)', 'homestays']"
What are the best markets for buying traditional Indian handicrafts in Delhi?,"[['are', 'best', 'buying', 'delhi', 'for', 'handicrafts', 'in', 'indian', 'markets', 'the']]",shopping_search,"{'location': [0, 1], 'activity': [2, 3]}","['location', 'activity']","[2, 2]","['Delhi', 'traditional Indian handicrafts']"
What are the best months to visit Mumbai considering the weather?,"[['the', 'are', 'best', 'considering', 'months', 'mumbai', 'to', 'visit', 'weather', 'what']]",trip_planning,"{'location': [0, 1]}",['location'],[2],['Mumbai']
Are there any discounts on hotel bookings in San Francisco for 25th June?,"[['25th', 'any', 'are', 'bookings', 'discounts', 'for', 'francisco', 'hotel', 'in', 'june']]",discount_search,"{'location': [1, 3], 'date': [1, 2]}","['location', 'date']","[2, 2]","['San Francisco', '25th June']"
Can I get any discounts on flights to Berlin on 15th July?,"[['on', '15th', 'any', 'berlin', 'can', 'discounts', 'flights', 'get', 'july', 'to']]",discount_search,"{'location': [1, 3], 'date': [1, 2]}","['location', 'date']","[2, 2]","['Berlin', '15th July']"
Are there any discounts available for car rentals in New York?,"[['any', 'are', 'available', 'car', 'discounts', 'for', 'in', 'new', 'rentals', 'there']]",discount_search,"{'location': [1, 3]}",['location'],[2],['New York']
Can I find any discounts on tour packages in London?,"[['any', 'can', 'discounts', 'find', 'in', 'london', 'on', 'packages', 'tour']]",discount_search,"{'location': [1, 3]}",['location'],[2],['London']
Are there any discounts on attractions in Paris?,"[['any', 'are', 'attractions', 'discounts', 'in', 'on', 'paris', 'there']]",discount_search,"{'location': [1, 3]}",['location'],[2],['Paris']
How can I get a discount on an international flight from Tokyo to Seoul for 10th August?,"[['10th', 'an', 'august', 'can', 'discount', 'flight', 'for', 'from', 'get', 'how']]",discount_search,"{'origin': [1, 3], 'destination': [1, 3], 'date': [1, 2], 'flight_type': [1, 3]}","['origin', 'destination', 'date', 'flight_type']","[2, 2, 2, 2]","['Tokyol', 'Seoul', '10th August', 'international flight']"
Are there any discounts available for restaurant bookings in Rome?,"[['any', 'are', 'available', 'bookings', 'discounts', 'for', 'in', 'restaurant', 'rome', 'there']]",discount_search,"{'location': [1, 3]}",['location'],[2],['Rome']
Can I get any discounts on spa services in Bangkok?,"[['any', 'bangkok', 'can', 'discounts', 'get', 'in', 'on', 'services', 'spa']]",discount_search,"{'location': [1, 3], 'service': [1, 4]}","['location', 'service']","[2, 2]","['Bangkok', 'spa services']"
Are there any hotel discounts in Mumbai for 5th December?,"[['5th', 'any', 'are', 'december', 'discounts', 'for', 'hotel', 'in', 'mumbai', 'there']]",discount_search,"{'location': [1, 3], 'date': [1, 2]}","['location', 'date']","[2, 2]","['Mumbai', '5th December']"
What discounts are available for guided tours in Sydney?,"[['are', 'available', 'discounts', 'for', 'guided', 'in', 'sydney', 'tours', 'what']]",discount_search,"{'location': [1, 3], 'service': [1, 3]}","['location', 'service']","[2, 2]","['Sydney', 'guided tours']"
